AgentID,Name,ContactNumber
1,Kristin Romero,560-949-8483x4461
2,Eric Jones,544.459.9175x7076
3,Patrick Dominguez,994-444-3642x76056
4,William Ramirez,(612)561-7771x61625
5,Christina Cameron,371.545.6138x810
6,Brian Herrera,(266)967-1025x6098
7,Jessica James,+1-957-821-2081x1032
8,Nancy Gonzalez,(928)925-9648
9,Darryl Kennedy,657.615.1371x4387
10,Christina Ross,592.285.2475x5241
11,Francisco Murray,001-823-247-5974
12,William Cox,306.942.4269x99754
13,Loretta Mejia,(703)973-1142x62827
14,Reginald Owens,331-978-0894x249
15,Jim Logan,502.539.6718x578
16,Meagan Simmons,+1-468-734-0571x820
17,Anthony Hicks,(474)351-7497x13861
18,Dennis Castro,001-846-806-6316
19,Marcus Mcmahon,(965)442-0175x3546
20,Ashley King,9326276456
21,Diane Duncan,(978)749-4738x9508
22,Steven Barron,470.234.7764x88701
23,Joshua Williams,001-524-412-8307x9811
24,Deanna Knapp,907-952-8981x647
25,Aaron Cox,001-490-630-8597x26656
26,Philip Ritter,+1-977-322-0626
27,Shannon Lee,356-415-6131
28,Nicholas Lang,001-950-389-3664x244
29,Andrew Johnson,318.435.4916
30,Eugene Miller,+1-999-352-0916x5444
31,Julia Petersen,(880)849-5002x7872
32,Edwin Fleming,+1-345-566-9974x39180
33,Marcus Young,(769)324-7909
34,David Wilson,(519)654-7092x9376
35,Kayla Ali,+1-681-375-7210x5998
36,Mark Morales,8256859633
37,Kenneth Huynh,458-613-3489x296
38,William Collins,001-679-307-0329x656
39,Marvin Carter DDS,001-749-998-3811
40,Chad Nichols,+1-362-243-1346x745
41,Tracie Scott,544-377-4663x2621
42,Kevin Henderson,583-737-3176
43,Alex Alexander,(275)861-7866x3423
44,Mark Kemp,001-968-286-9955x98802
45,Anna Ibarra,(344)517-9114x2474
46,Cynthia Price,+1-435-222-2606
47,Danielle Carter,247-573-0884
48,Alan Harrison,(452)947-2193
49,David Matthews,902-518-9108
50,Patrick Brady,663-367-5120x2803
51,Aaron Gomez,754-570-7070
52,Caitlin Monroe,3123031105
53,Cheryl Payne,001-291-941-2750
54,Aaron Williams,(713)408-7347x96501
55,Eric James,421-465-0086x5023
56,Felicia Burnett,+1-385-350-9846x63025
57,Holly Jennings,(930)486-4098x92966
58,Amber Williams,(799)960-8574x94083
59,Joyce Walsh,(336)787-9206
60,Bianca Atkinson,939.700.6218
61,Todd Powell,337.231.6447x4359
62,Jason Klein,362-345-8729x56725
63,Edward Watson,(383)644-3748x72927
64,Joshua Alvarez,+1-245-347-4262x2548
65,Brent Scott,263-562-0809
66,Tracy Owens,(203)695-4356x5038
67,Kristen Martinez,328-364-9090
68,Jennifer Johnson,001-321-249-9360x427
69,Dr. April Freeman,291-348-0916
70,Michelle Bond,001-844-553-2111x10208
71,Michael King,+1-423-329-3930x79282
72,Lori Montoya,(232)925-5113
73,Connie Williamson,001-967-210-9058x937
74,Erica Johnson,(782)997-8600x82844
75,Carolyn Jackson,347-484-9823
76,Jamie Smith,425.849.0973x40995
77,Julia Morgan,(712)475-2801x18391
78,Nicholas Harrison,969-713-6817x1445
79,Adam Lewis,681-890-6739
80,Ralph Foster,(260)753-9725x42470
81,Sherry Peterson,617-482-9902
82,Thomas Barnett,001-347-232-7486x26098
83,Terry White,9055826066
84,Thomas Rivera,001-213-573-2739x09464
85,Erica Jackson,448.720.2503
86,Victoria Roth,001-399-244-1107x50577
87,Amanda Rodriguez DDS,539.857.6758x360
88,Tony Ford,+1-962-455-4371x342
89,Rose Stewart,540.340.3188x25365
90,Stephanie Turner,+1-514-414-8489x9678
91,Mrs. Jennifer Walsh,859.706.5603x678
92,Michelle Thompson,849-535-5469
93,George Atkins,489-679-0125
94,Rebecca Blair,288.522.7440x5999
95,Tiffany Jones,+1-621-385-0217
96,Kelsey Jones,636-693-9838x08098
97,Timothy Kim,504.864.9203x79403
98,Donald Davis,5577022714
99,Clifford Acosta,901-470-7419
100,Juan Brown,(309)519-2915x016
