DestinationID,Name,Country,PopularAttraction,PopularAttractionType
1,Ryanchester,Chad,Ward LLC,Family
2,Brandonview,Gibraltar,"Jenkins, Good and Hammond",Honeymoon
3,West Charles,Falkland Islands (Malvinas),"Reed, Pace and Ryan",Business
4,New Mary,Liberia,"Martin, Kennedy and Morales",Business
5,East Amberbury,Lithuania,"Mcintyre, Valdez and Fischer",Honeymoon
6,New Brad,Micronesia,Stevens-Wells,Business
7,North Tiffanyborough,Ghana,Gray Inc,Family
8,South Victoria,Gibraltar,"Long, Velasquez and James",Couple
9,Grahambury,Saint Vincent and the Grenadines,Rios Group,Honeymoon
10,Elliottland,Zambia,"Kelley, Mitchell and Porter",Business
11,Rollinstown,Denmark,Blair-Salazar,Friends
12,Laneview,Malawi,Bell LLC,Couple
13,New Toddville,Israel,"Campbell, Warner and Williams",Single
14,Jenkinsfurt,Cameroon,West Inc,Single
15,South Lindsayshire,Malaysia,Willis-Smith,Family
16,Williamtown,French Southern Territories,Williams and Sons,Single
17,Mclaughlinstad,Turks and Caicos Islands,"Byrd, Henderson and Webb",Business
18,Bauerland,Cuba,"Larsen, Gonzalez and Smith",Single
19,Kimberlyland,United States Virgin Islands,Curry LLC,Single
20,South Marisa,Latvia,"Williams, Brown and Stephens",Friends
21,South Adam,Tonga,Daniels-Stewart,Family
22,Alexandrafurt,Italy,Holmes-Morrison,Family
23,Lake Heather,Cote d'Ivoire,Jones LLC,Friends
24,Port Sandra,French Guiana,Mendoza-Perez,Single
25,Crystalchester,Trinidad and Tobago,"Rose, Hale and Chen",Family
26,Baileyfurt,Somalia,Morrison-Brewer,Friends
27,Perryburgh,Guinea-Bissau,Bowen-Simpson,Family
28,West Francisco,Tanzania,"Melton, Stevenson and Ponce",Family
29,Port Shannon,Aruba,"Williams, Lee and Ramos",Honeymoon
30,Mullinsburgh,Saint Pierre and Miquelon,Spence-Garrett,Single
31,North Monicaville,Philippines,Morgan Group,Business
32,Michaelview,Greenland,Ortega-Garcia,Family
33,Martinezville,New Caledonia,White-Saunders,Couple
34,Lloydton,Malaysia,Diaz-Serrano,Couple
35,Suttonport,Saudi Arabia,Peterson-Ayers,Single
36,Cherylstad,Poland,Davis PLC,Family
37,Andersonbury,Ukraine,Foster-Wright,Couple
38,Lake Ryanside,Iraq,Green Ltd,Business
39,Perrybury,Falkland Islands (Malvinas),"Garcia, Dawson and Miller",Business
40,Normaton,Zambia,"Arnold, Padilla and Lawrence",Honeymoon
41,East Kevin,Mongolia,Lopez Ltd,Business
42,New Christopher,Syrian Arab Republic,Huffman PLC,Honeymoon
43,Port Nicholas,Malawi,Bell Inc,Business
44,Townsendville,Mauritius,Torres PLC,Honeymoon
45,Davilaborough,China,Davis-King,Business
46,West Jennifer,Iran,"Lopez, West and Smith",Honeymoon
47,Duaneberg,Timor-Leste,"Carter, Price and Mckinney",Business
48,Randyside,Malaysia,Tran-Williams,Business
49,Lake Jenniferport,Zambia,Herman Group,Couple
50,Patrickberg,Afghanistan,West Group,Business
51,Berryton,Antigua and Barbuda,"Bridges, Young and Williamson",Family
52,Johnsonside,Maldives,Castro Inc,Couple
53,Lake Trevor,Jamaica,"Wolfe, Meadows and Whitehead",Family
54,Elliottmouth,Mongolia,"Kelly, Lee and Rios",Friends
55,Lake Normaside,Azerbaijan,Reed-Burns,Family
56,Princebury,Maldives,Thomas Group,Family
57,Hamptonburgh,Gambia,Lane-Reese,Family
58,Port Cody,Peru,"Edwards, Lewis and Bell",Couple
59,Port Nicole,Iceland,"Rubio, Jones and Schwartz",Family
60,Christopherstad,China,Herrera Group,Business
61,East Lisachester,Macao,Carrillo-Payne,Friends
62,Daleport,Saudi Arabia,Smith-Miller,Friends
63,West Victoria,Fiji,Shaffer PLC,Business
64,Lake Jocelyn,Taiwan,Ramos LLC,Single
65,East Sharonland,Marshall Islands,Juarez-Williams,Family
66,Evanfort,Congo,Huynh-Briggs,Couple
67,Romerochester,Bulgaria,"Perez, Ball and Davis",Couple
68,North Nathaniel,Falkland Islands (Malvinas),Holland PLC,Honeymoon
69,West Travismouth,Anguilla,"Palmer, Bush and Hoffman",Business
70,Barkerview,Montenegro,"Hogan, Fuentes and Gonzalez",Single
71,Port Cheryl,Liberia,Watson Inc,Couple
72,East Nicolefort,Holy See (Vatican City State),Graham Group,Single
73,West Loribury,French Guiana,Kirby and Sons,Friends
74,Sheltonmouth,Holy See (Vatican City State),Patterson Inc,Couple
75,Crystalshire,Gibraltar,Parker PLC,Friends
76,Traceyberg,Liberia,"Fleming, Zimmerman and Chapman",Honeymoon
77,Camposbury,Malaysia,Hanson-Anderson,Couple
78,New Christopherchester,Lebanon,Johnson-Love,Friends
79,South Kevin,Andorra,Ross-Richardson,Single
80,Staffordfurt,Lesotho,"Sanders, Haley and King",Family
81,New Mark,Bahrain,Griffin-Hansen,Couple
82,Aaronland,Hungary,Pena LLC,Business
83,Philipville,Dominica,"Long, Thompson and Barajas",Honeymoon
84,Thomasland,Bahrain,Gutierrez-Lewis,Family
85,Danielton,Serbia,Miller-Romero,Family
86,Sancheztown,Argentina,Bryant-Delgado,Friends
87,Joyceside,Faroe Islands,"Briggs, Cox and Gill",Couple
88,Colefort,Uzbekistan,Holmes-Mejia,Friends
89,South Ronald,Comoros,Kelly PLC,Business
90,Jamesview,Turks and Caicos Islands,English Group,Business
91,Port Tiffanyburgh,Guernsey,Colon and Sons,Family
92,West Tonyville,Mexico,Robinson Ltd,Single
93,Carolynfort,Romania,Morris-Ford,Couple
94,North Daniel,Uruguay,Herrera-Bond,Couple
95,North Danielland,Switzerland,Gallagher PLC,Couple
96,East Valerieborough,Latvia,Mitchell-Montes,Single
97,South Allisontown,Indonesia,Daniels PLC,Friends
98,North Cherylville,Saint Lucia,Moreno Group,Honeymoon
99,Whitakerport,Greenland,Vega LLC,Business
100,East Deborah,Dominican Republic,Roth-Manning,Family
101,Mariemouth,Western Sahara,"Diaz, Hammond and Odonnell",Business
102,North David,Anguilla,"Logan, Cantrell and Booth",Family
103,Lake Jeffrey,Guadeloupe,Bates-Bennett,Single
104,Jamietown,Slovenia,Beltran PLC,Honeymoon
105,New Barbara,Hungary,George Inc,Couple
106,Fuentesstad,Thailand,Marsh-Johnson,Friends
107,West Christineview,Bolivia,Rogers Group,Family
108,West Samuel,Madagascar,"Browning, Harper and Wilson",Family
109,Nelsonport,Myanmar,Daugherty Ltd,Family
110,North Jamesburgh,Peru,"Rocha, Foster and Tyler",Friends
111,Rogersfurt,Comoros,"Ryan, Collins and Hunter",Friends
112,Pittsport,Singapore,Martinez-Conley,Friends
113,West David,Solomon Islands,Bowen Ltd,Honeymoon
114,Daniellechester,Cayman Islands,"Peterson, Shea and Gibson",Honeymoon
115,Wardborough,Benin,Knight-Lewis,Honeymoon
116,Kaylaville,Austria,"White, Harding and Coffey",Family
117,Ashleyview,Bosnia and Herzegovina,"Johnson, Sanders and Horne",Business
118,Richmondmouth,Niger,"Smith, Torres and Griffith",Family
119,Lake Loriside,Aruba,"Walker, Yang and Ball",Couple
120,Port Jennifertown,Costa Rica,Chang-Snyder,Friends
121,Suttonland,Martinique,"Davis, Meyers and Cooke",Family
122,Lawrenceside,Japan,"Gonzalez, French and Henson",Business
123,East Joshuahaven,United Arab Emirates,"Cross, Hill and Mann",Single
124,West Anna,Russian Federation,Miranda Inc,Honeymoon
125,Lake Ashley,Sierra Leone,"Phillips, Harrington and Ayers",Single
126,Port Ronald,British Virgin Islands,Davis-Pruitt,Single
127,Morrisborough,Northern Mariana Islands,Williams-Rodriguez,Family
128,Angelaborough,Sweden,Tate-Perez,Honeymoon
129,Ingramville,Marshall Islands,"James, Morgan and Melton",Family
130,Lake Amanda,Saint Vincent and the Grenadines,Williams-Pollard,Friends
131,New Bettyborough,Kuwait,Gonzalez and Sons,Family
132,Emilystad,Colombia,Lee PLC,Family
133,Reyesburgh,Togo,Smith-Miller,Friends
134,Kristopherland,Faroe Islands,Reed-Clayton,Single
135,West Timothy,Liberia,Carter LLC,Business
136,New Bryanview,Guernsey,Hall-Morgan,Family
137,South John,Denmark,"Rush, Kennedy and Thomas",Friends
138,New Jeffrey,American Samoa,"Hebert, Rose and Mata",Honeymoon
139,New Bethanychester,Sao Tome and Principe,Soto Group,Friends
140,Madisonfurt,Cuba,"Sullivan, Jones and Guerra",Friends
141,South Gregoryland,Mauritania,Gray-Moore,Couple
142,Chrisville,Wallis and Futuna,Warner Group,Family
143,North Cassidyburgh,Ecuador,Bass PLC,Business
144,East Brandichester,Pakistan,Taylor-Horne,Single
145,Collinston,Indonesia,Holmes-Norman,Business
146,West Richardfurt,Gibraltar,"Johnson, Richards and White",Couple
147,Hubbardview,Iraq,"Haney, Mora and Martinez",Friends
148,Robinsonport,Greenland,"Bishop, Horton and Nelson",Family
149,Hernandezbury,Ireland,Knight-Roy,Couple
150,Lake Meganville,El Salvador,Collins PLC,Family
151,South Jordan,Jamaica,"Davis, Gardner and Thomas",Family
152,Daniellemouth,Saint Martin,"Oconnor, Smith and Williams",Business
153,Lake Alexander,Kiribati,Hall-Humphrey,Business
154,East Thomas,Sudan,Jimenez-Mcdonald,Honeymoon
155,West Matthewberg,Myanmar,Wheeler Inc,Single
156,Brittanyton,Bosnia and Herzegovina,"Chambers, Lambert and Ballard",Couple
157,North Heatherview,Sweden,Mosley Inc,Business
158,Davistown,China,"Kemp, Le and Gibson",Single
159,Jennifershire,Sao Tome and Principe,"Fox, Rose and Morales",Single
160,Port Shawn,Djibouti,Cook PLC,Business
161,West Pamela,Korea,"Brooks, Kelly and Duarte",Friends
162,Garcialand,Finland,Harris PLC,Family
163,South Sabrinaland,Finland,Dyer and Sons,Honeymoon
164,Maxfort,Svalbard & Jan Mayen Islands,Myers LLC,Honeymoon
165,Christopherchester,Turkey,"Perry, Hampton and Montes",Honeymoon
166,Bryanville,Hong Kong,Fox and Sons,Business
167,East Brett,Yemen,Williams Group,Couple
168,Benjaminport,Russian Federation,"Anderson, Casey and Garcia",Business
169,North Johnhaven,Honduras,"Thomas, Koch and Sanders",Family
170,Teresachester,Costa Rica,Santiago-Watkins,Couple
171,Lake Stephanie,Portugal,Chase and Sons,Family
172,Lake Annaborough,Saint Kitts and Nevis,Moran-Miller,Couple
173,West Erikmouth,Turkmenistan,Hanson Inc,Couple
174,Travishaven,Liechtenstein,Hunt Inc,Couple
175,Port Doris,Nepal,Simpson PLC,Single
176,Lake Charles,Guam,Dennis-Dunn,Couple
177,Moranbury,Austria,"Goodwin, Woods and Shea",Business
178,North William,Gibraltar,Sullivan-Hawkins,Single
179,Jennifermouth,Nepal,Rodriguez-Walker,Single
180,North Jeffreyhaven,Cyprus,Barker-Jones,Honeymoon
181,Port Tammymouth,Morocco,Robbins Inc,Friends
182,North Christopher,Montenegro,"Ward, Church and Gordon",Friends
183,Juliemouth,United States of America,Bender Ltd,Couple
184,Mezachester,Maldives,Lawrence-Freeman,Honeymoon
185,Nelsonton,French Guiana,Jones Group,Business
186,Branchchester,Nepal,"Evans, Hurst and Owens",Couple
187,Myersmouth,Saint Vincent and the Grenadines,Richmond-Campbell,Couple
188,West Beth,Niue,"Schneider, Palmer and Cooke",Friends
189,West Rhonda,Nauru,Wright-Gilbert,Family
190,South Stephanie,Argentina,"Romero, Hansen and Adkins",Single
191,Lake Michellemouth,Monaco,Foster PLC,Couple
192,Murrayberg,Brunei Darussalam,Green Group,Business
193,Stewartville,Monaco,Rodriguez-Blackburn,Honeymoon
194,Ramireztown,Uruguay,Bowen Group,Honeymoon
195,Butlerside,Tuvalu,Olson-Kennedy,Business
196,Campbellstad,Cote d'Ivoire,"Marsh, Crawford and Brooks",Single
197,Goodmanport,Turkmenistan,Hardy Ltd,Single
198,South Brandon,Trinidad and Tobago,Adams-Tucker,Business
199,Pearsonland,Georgia,Spencer Inc,Family
200,Johnsonside,Jersey,"Reed, Burgess and Smith",Single
201,Angelton,Vietnam,Jimenez Inc,Couple
202,New Suzanne,Dominican Republic,Jacobs-Salazar,Friends
203,Williamsfort,Zimbabwe,Frazier Group,Friends
204,Whiteheadton,Bosnia and Herzegovina,Smith-Snyder,Couple
205,Port Jeffreychester,Kuwait,"Jones, Ho and Ford",Business
206,Johnfurt,Malawi,Ford and Sons,Business
207,Shelleyberg,Nicaragua,Jackson-Simmons,Friends
208,Baileymouth,Malaysia,Moore LLC,Single
209,South David,Congo,Robinson Ltd,Business
210,Sototon,Tonga,Murillo and Sons,Honeymoon
211,Johnsonfort,India,Lopez-King,Couple
212,New Blakeborough,Jersey,"Crosby, Murphy and Phillips",Single
213,Dillonfurt,Northern Mariana Islands,Gardner-Rojas,Friends
214,Port Cynthia,Faroe Islands,Weaver-Young,Family
215,Stephensview,Singapore,"Jordan, Roy and Robinson",Friends
216,Erinmouth,Faroe Islands,"French, Weber and Watts",Business
217,Jasonville,Turkey,"Espinoza, Sullivan and Knox",Single
218,Shannonport,Poland,Cunningham and Sons,Couple
219,Jamesshire,Uzbekistan,Peterson-Casey,Business
220,Michaelfurt,Northern Mariana Islands,Schultz Ltd,Honeymoon
221,New Gregory,Brunei Darussalam,Odom-Leblanc,Business
222,Peterburgh,Sao Tome and Principe,Singleton Group,Business
223,Molinashire,Cambodia,Brooks Inc,Business
224,Lake Jenniferfurt,Tokelau,"Thomas, Thompson and Young",Single
225,Mcgrathside,French Guiana,Sanchez-Clark,Single
226,Hamiltonville,Kiribati,Quinn Inc,Couple
227,Haleberg,Congo,Anderson Ltd,Couple
228,Lake Harryview,Togo,"Williams, Koch and Thompson",Business
229,South Savannah,Niger,"Perry, Chen and Mercer",Friends
230,Maryside,Holy See (Vatican City State),Henry Ltd,Couple
231,Ramosport,Falkland Islands (Malvinas),"Moore, Mullins and Wood",Family
232,North Christineton,Niger,Erickson-Parker,Honeymoon
233,Garciafort,Mexico,"Castro, Higgins and Davis",Single
234,Port Joseph,Tajikistan,Davidson-Mccormick,Friends
235,Tinaberg,Iran,Dixon PLC,Honeymoon
236,Jacobsonton,Niger,Oconnor LLC,Honeymoon
237,East Wandaport,Lebanon,"Hardy, Evans and Moore",Family
238,East Joshuachester,Congo,Allen LLC,Honeymoon
239,North Robertshire,Switzerland,Barnett-Carpenter,Single
240,Townsendton,Uganda,Johnston-Cross,Business
241,New Joseshire,Taiwan,Olsen-Roberts,Couple
242,South Curtisborough,El Salvador,"Peck, Weber and Jones",Family
243,North Scott,Slovakia (Slovak Republic),"Alvarez, Moore and Pittman",Single
244,Roseshire,American Samoa,Chen Ltd,Honeymoon
245,Hayesfort,Greece,White LLC,Friends
246,New Samuelfurt,Lesotho,Goodman-Adams,Business
247,Josebury,Spain,Roberson and Sons,Business
248,Summerston,Andorra,"Garza, Rivera and Williams",Family
249,Johnsonport,Martinique,Mills Group,Family
250,Lake Davidberg,Mali,Jenkins Group,Couple
251,Wrightview,Guam,"Cruz, Lindsey and Bauer",Friends
252,Lake Brenda,Burundi,Jones LLC,Friends
253,Herrerabury,Hungary,Serrano-Lane,Honeymoon
254,Zamoramouth,Saint Kitts and Nevis,Cooper Group,Friends
255,Melissaville,Egypt,Stone-Thompson,Business
256,Lake Ricardo,Iraq,Morgan Ltd,Couple
257,Lake Joshua,United States Minor Outlying Islands,Patrick PLC,Couple
258,Lake Joannfurt,Belize,Thompson-White,Honeymoon
259,West Barbarastad,Burundi,Ray Inc,Couple
260,Lake Anthony,Australia,Guerrero-Potts,Friends
261,Lisaborough,Mali,Thomas-Davis,Family
262,West Johnmouth,San Marino,Jones-Pearson,Business
263,Luisport,Puerto Rico,"Daniels, Brooks and Garcia",Couple
264,New Maryhaven,Indonesia,Stanton PLC,Friends
265,Elliottshire,Mayotte,Cox-Serrano,Friends
266,Greenborough,Madagascar,Brown and Sons,Couple
267,Codystad,Bolivia,"Mitchell, Knight and Jenkins",Friends
268,West Nathanside,Cyprus,"Sloan, Ward and Sullivan",Honeymoon
269,Ashleyland,Tanzania,"Walker, Reyes and Mccormick",Family
270,Madisonville,Afghanistan,Reynolds-Jones,Honeymoon
271,Stevenview,Vanuatu,Davis-Davis,Honeymoon
272,North Timothy,Saint Pierre and Miquelon,"Gibson, Gonzalez and Palmer",Business
273,Port Alison,Lebanon,Valdez and Sons,Single
274,West Seth,Switzerland,Cox-Mcclure,Honeymoon
275,Thompsonshire,Mauritius,Graham LLC,Friends
276,South Marisa,Costa Rica,Warren and Sons,Honeymoon
277,Port Debra,Egypt,Olson PLC,Honeymoon
278,Davidport,Poland,Berry Group,Family
279,East Jenniferfurt,Anguilla,Lopez-Greene,Single
280,East Matthew,Croatia,Chandler Group,Single
281,Hughesview,Panama,Conley PLC,Business
282,Elizabethfurt,Bahamas,Gregory LLC,Couple
283,Port Patrick,Zambia,Freeman LLC,Business
284,Brianland,Namibia,Hutchinson-Miller,Friends
285,Hollowaymouth,Mexico,Phillips-Santana,Business
286,East Amy,British Indian Ocean Territory (Chagos Archipelago),"Bradley, Wolfe and Berg",Honeymoon
287,Port Cynthiachester,Hong Kong,Williams-Morgan,Friends
288,Olsonville,Haiti,Snyder PLC,Family
289,South Daniel,Nauru,Munoz and Sons,Family
290,Millerborough,Lao People's Democratic Republic,"Moore, Burns and Roberts",Single
291,Hooverfort,Israel,Long Inc,Single
292,North Gabriellemouth,Indonesia,Carter PLC,Couple
293,South Angelaside,Tonga,"Grant, Lang and Hamilton",Honeymoon
294,Matthewport,Italy,"Bennett, Sherman and Barrett",Couple
295,Perezmouth,Cocos (Keeling) Islands,Trujillo-Young,Single
296,Lawsonstad,Hong Kong,Tucker Inc,Single
297,Timothytown,Monaco,Greene-Johnson,Business
298,Perezmouth,Sweden,"Davis, Wagner and Jarvis",Single
299,North Maria,Saudi Arabia,Pham-Phillips,Couple
300,North Patrickberg,Portugal,Bruce-Anderson,Single
301,Lake Lisa,Ecuador,Alexander-Yang,Single
302,Lifurt,Slovakia (Slovak Republic),"Gilbert, Parsons and Ball",Friends
303,Garciatown,Chile,Knight Group,Honeymoon
304,West Paula,Norway,Pitts-Davis,Couple
305,Brownview,Malaysia,"Perez, Martin and Bowen",Business
306,Robertport,Fiji,Martinez Ltd,Family
307,Lake Vickie,Slovenia,"Fields, Schwartz and Lopez",Couple
308,Blackwellmouth,Dominica,"Gonzalez, Henson and Reed",Couple
309,East Amanda,Hong Kong,Walls and Sons,Family
310,Mcintoshtown,Algeria,"Sharp, Hamilton and Patterson",Business
311,East Kevin,Armenia,"Hinton, Torres and Webb",Business
312,South Mathew,Cocos (Keeling) Islands,Jenkins-Reed,Business
313,Williamsside,Turks and Caicos Islands,Smith and Sons,Family
314,Loriland,Solomon Islands,"Beard, Pearson and Woodard",Friends
315,Port Lindsaystad,Kenya,"Wall, Young and Gordon",Couple
316,Joelfurt,Guernsey,"Dodson, Bowman and Berry",Single
317,North Kathryn,Guyana,Hoffman Group,Honeymoon
318,Richardland,Indonesia,Braun-Hughes,Couple
319,West Joybury,Moldova,"Brown, Gibbs and Robertson",Couple
320,Port Shane,Bolivia,Holmes and Sons,Couple
321,West Carol,Jamaica,"Ross, Lee and Jones",Honeymoon
322,Lake Michaelview,Chad,Moore-Monroe,Honeymoon
323,South Paulshire,Angola,"Myers, Flynn and Lewis",Couple
324,West Leah,Ecuador,"Oliver, Garcia and Espinoza",Friends
325,East Amber,Slovenia,"Griffin, Trujillo and Webb",Family
326,Port Amandamouth,Saint Helena,"Stevenson, Jenkins and Harris",Business
327,East Suemouth,Lithuania,Williams LLC,Single
328,South Deborah,Nepal,Wilson-Sutton,Couple
329,West Joshua,Somalia,Robbins Group,Single
330,Shepherdmouth,Belarus,"Foley, Jones and Mcgee",Friends
331,Andrewfurt,Luxembourg,"James, Underwood and Lee",Business
332,Port Leslie,Cameroon,Matthews-Mitchell,Couple
333,Jenniferchester,Costa Rica,Norris-Brown,Couple
334,Frostland,Falkland Islands (Malvinas),Perry and Sons,Friends
335,North Alicia,Iraq,Jones PLC,Single
336,Matthewport,Bahamas,Johnston-Smith,Family
337,Leeborough,Belgium,"Lawrence, Taylor and Holder",Friends
338,Anthonytown,Ukraine,Pham and Sons,Family
339,Tylerstad,British Indian Ocean Territory (Chagos Archipelago),Oliver PLC,Honeymoon
340,Priceland,Uganda,Baker-Avery,Family
341,Michelleborough,San Marino,Liu-Singleton,Friends
342,New Jessicahaven,Sudan,Smith-Shaffer,Business
343,South Justinburgh,Serbia,Morrison Inc,Family
344,Deantown,Cook Islands,Brown-Torres,Couple
345,Heidifurt,Iceland,Schmidt and Sons,Couple
346,West Davidchester,Tajikistan,Pruitt-James,Family
347,East Brianberg,Serbia,Lee Inc,Single
348,Weaverborough,Gambia,"Davies, Lopez and Phillips",Friends
349,Burgessville,Iraq,Kemp PLC,Single
350,Jacksonborough,Chile,James PLC,Business
351,New Michaelside,Ghana,Alexander-Walker,Family
352,Suzanneshire,Norway,Roberts-Price,Honeymoon
353,West Jonathan,Greenland,Wallace-Owens,Single
354,Bautistabury,Belarus,Frazier Group,Single
355,Port Marystad,Spain,Mccarthy and Sons,Business
356,Edwardsfurt,Montenegro,Cruz-Schneider,Honeymoon
357,Carterborough,Portugal,Campbell LLC,Business
358,North Garrettfurt,Brazil,Pittman-Knox,Couple
359,New Justinton,Ghana,Petersen LLC,Business
360,Laurenburgh,Samoa,Hall-Wong,Single
361,West Colemouth,China,"Boyd, Ramirez and Sawyer",Honeymoon
362,Andrewchester,Equatorial Guinea,"Johnson, Davis and Gentry",Honeymoon
363,Grahamstad,Venezuela,Mcdowell-Diaz,Honeymoon
364,Cookshire,Honduras,Cunningham Ltd,Family
365,Wubury,San Marino,Moore Group,Honeymoon
366,Lake Lisamouth,Cayman Islands,"Coleman, Gilbert and Burgess",Couple
367,Christianland,Gabon,Mercer Inc,Business
368,Rachaeltown,Italy,Bishop PLC,Couple
369,Williamsmouth,Dominican Republic,Pruitt-Lambert,Family
370,Tammyside,Cayman Islands,Horne Inc,Family
371,Foxbury,Turkmenistan,Townsend Inc,Honeymoon
372,Newtontown,Iceland,Fisher LLC,Family
373,Ericside,Liechtenstein,"Richard, Chavez and Mckenzie",Business
374,North Jesusport,Zimbabwe,Miller Ltd,Family
375,Lopezton,Niue,Mcintosh-Peterson,Single
376,Meganview,Sierra Leone,Norton Inc,Honeymoon
377,Chelseaport,Kenya,"Howell, Velazquez and Anderson",Single
378,Ericchester,Mauritius,"Velazquez, Watson and Smith",Business
379,South Brookeview,Angola,Gordon Ltd,Business
380,Jeanberg,Kazakhstan,"Carter, Cooley and Kramer",Friends
381,North Amyton,United States of America,Robertson and Sons,Single
382,Wagnermouth,Uganda,Medina and Sons,Honeymoon
383,Masseyport,Ukraine,Jones-Wong,Single
384,South Carlchester,Cameroon,"Schultz, Cannon and Yang",Friends
385,North Holly,Jordan,Davis-Lewis,Business
386,Kyleshire,Lao People's Democratic Republic,Hahn and Sons,Couple
387,North Jason,Hungary,Morris-Robinson,Business
388,East Matthew,Mozambique,Turner Group,Business
389,North Alan,Morocco,"Reynolds, Brown and Smith",Business
390,West Garrettmouth,Nigeria,"Robles, Little and Fisher",Honeymoon
391,West Victoriaside,Antigua and Barbuda,Wade LLC,Couple
392,Tommymouth,Chad,Knox-Orr,Single
393,Roberthaven,Namibia,Robinson LLC,Business
394,South Robert,Togo,Robertson-Miller,Honeymoon
395,Thompsonborough,Guadeloupe,Chang and Sons,Friends
396,Susantown,Aruba,Curtis-Adams,Business
397,West Monicahaven,Slovakia (Slovak Republic),Johnson-Peterson,Honeymoon
398,East Cheryl,Niue,"Watson, Hays and Anderson",Single
399,South Jorgehaven,Monaco,Figueroa LLC,Friends
400,New Stephenshire,Kenya,"Richardson, Hawkins and Wright",Family
401,Christinafurt,Madagascar,Lopez Inc,Family
402,South Jessicatown,Germany,Williams-Nicholson,Couple
403,New Holly,Netherlands Antilles,"Sanchez, James and Hernandez",Friends
404,North Cynthiashire,Ghana,Zhang-Johnson,Couple
405,North Stephaniefurt,El Salvador,Hernandez-Garcia,Friends
406,Victorbury,Falkland Islands (Malvinas),Huffman-Morrison,Family
407,Gregoryfurt,Svalbard & Jan Mayen Islands,Hanson-Walker,Couple
408,North Sharonstad,Iran,Hughes LLC,Honeymoon
409,North Elizabeth,Tunisia,Willis and Sons,Family
410,North Elainechester,Costa Rica,"Riggs, Frost and Hawkins",Couple
411,Port Kaylaton,Albania,Bell-Black,Friends
412,North Davidborough,Indonesia,Griffin and Sons,Honeymoon
413,Lake Dawn,Italy,Walters and Sons,Single
414,North Jesse,Turks and Caicos Islands,Lee and Sons,Couple
415,New Rubenstad,Mayotte,"Good, Mcdaniel and Golden",Honeymoon
416,Jennifertown,Saint Vincent and the Grenadines,Knight-Nielsen,Friends
417,East Wendy,Romania,Boyle-Mcmillan,Honeymoon
418,Avilaport,Tajikistan,Christian-Mathis,Honeymoon
419,Michaelmouth,North Macedonia,Montoya-Lewis,Couple
420,West Lindafort,Sri Lanka,Riley Group,Single
421,West Kelly,Mauritania,Waters LLC,Business
422,Erinchester,Senegal,Hamilton Group,Honeymoon
423,East Sherriburgh,Italy,Caldwell-Lee,Friends
424,East Nancyport,Guam,Wilson Ltd,Couple
425,Gordonland,China,Wiggins-Short,Friends
426,Miguelville,Saint Martin,Fischer Group,Friends
427,Marcusbury,Congo,Nolan and Sons,Business
428,Port Joseph,Saint Martin,"Hines, Kelly and Jackson",Honeymoon
429,Joshuabury,Bahamas,Brown and Sons,Friends
430,Robertstad,Seychelles,Gonzales Inc,Friends
431,Deleontown,Lesotho,"Grant, Young and Mueller",Friends
432,New Daniel,Latvia,Chase LLC,Family
433,South Sylvia,Mali,Vega PLC,Business
434,Lake Allison,Philippines,Delgado PLC,Honeymoon
435,Shirleyfort,Marshall Islands,Mayer PLC,Single
436,Bensonville,Reunion,"Montgomery, Snow and Huerta",Family
437,New Matthewtown,Jersey,"Jones, Walter and Kerr",Couple
438,North Erika,South Georgia and the South Sandwich Islands,Barber-Ball,Single
439,South Ryan,Cameroon,"Herrera, Jensen and Moreno",Family
440,Gomezland,Nigeria,Rogers Inc,Business
441,Levifurt,United Kingdom,Miller-Davis,Family
442,Webbville,Russian Federation,"Blackwell, Clark and Roth",Couple
443,Paulahaven,Uzbekistan,Miller LLC,Honeymoon
444,Port Shelby,Bahamas,Williams Ltd,Family
445,Port Shannon,Eritrea,Gonzalez LLC,Friends
446,Perryton,Saint Lucia,"Ferrell, Hanna and Simon",Honeymoon
447,Lake Carlosfurt,Austria,Gutierrez Ltd,Single
448,Bryanfurt,Lebanon,"Spencer, Stark and White",Single
449,East Sarahhaven,Belgium,Davis-Stewart,Couple
450,North Jonathan,Sao Tome and Principe,"Benson, Sutton and Matthews",Couple
451,Brentside,Morocco,"Mitchell, Owens and Weaver",Friends
452,Riceville,Swaziland,Martin and Sons,Family
453,Lake Markshire,Holy See (Vatican City State),Hanson-Nelson,Business
454,East Anita,Norfolk Island,Griffin-Orozco,Couple
455,Martinezview,Guinea-Bissau,"Ramos, Munoz and Rasmussen",Couple
456,Cochranchester,Uruguay,Singh and Sons,Couple
457,New Adrianatown,Tajikistan,Hensley and Sons,Single
458,East Jeremy,Mozambique,"Watson, Hays and Cooper",Friends
459,Marytown,Armenia,Torres Ltd,Business
460,Coreyburgh,Bhutan,"Banks, Galvan and Black",Couple
461,New Brianbury,Nicaragua,"Perez, Nicholson and Harris",Couple
462,South Amberburgh,Papua New Guinea,"Huff, Reynolds and Dean",Family
463,South Stephen,Argentina,Kim PLC,Family
464,Moranton,Honduras,"Holder, Rivera and Williams",Business
465,Carolland,United States Minor Outlying Islands,French-Taylor,Family
466,Lake Emilyfurt,Switzerland,"Carlson, Brown and Reeves",Family
467,Michaelville,Turks and Caicos Islands,Carter-Stephenson,Family
468,East Erinborough,Niger,Sparks-Smith,Honeymoon
469,Robinsonberg,Falkland Islands (Malvinas),Pugh Inc,Couple
470,East Dana,Liberia,"Nichols, Davenport and Powers",Friends
471,Andrewland,Lao People's Democratic Republic,Osborn and Sons,Honeymoon
472,Andersonstad,Guam,"Compton, Thomas and Hardy",Couple
473,Juliaside,Madagascar,"Gonzalez, Kelley and Green",Friends
474,Julieville,Isle of Man,"Sanford, Adams and Bartlett",Friends
475,Mirandaburgh,Algeria,Hill LLC,Friends
476,New James,United States of America,Hanna-Gould,Couple
477,Christopherchester,Fiji,"Thompson, Hunt and Johnson",Family
478,West Jonathanmouth,Jordan,Davis and Sons,Single
479,Lopezton,Tanzania,"Johnson, Bowen and Jones",Family
480,East Vanessa,United States Minor Outlying Islands,Silva LLC,Honeymoon
481,West Theresaton,Togo,Park LLC,Single
482,Lake Cynthiaburgh,Dominican Republic,Taylor-Adams,Business
483,Fullershire,Monaco,Espinoza-Gibson,Friends
484,Lake Kelsey,Tonga,"Combs, Wilson and Pierce",Honeymoon
485,Vanessaberg,Canada,Snow Inc,Honeymoon
486,New Barbara,Guam,Perez PLC,Honeymoon
487,Paulfurt,Switzerland,Kelly and Sons,Family
488,New Jasonfort,Italy,Park Inc,Business
489,East Johnport,Marshall Islands,Brown-Tate,Friends
490,Lake Jason,Russian Federation,Richards-Key,Business
491,Calebfort,Liechtenstein,"Ortega, Glover and Davis",Single
492,West Andrew,Liberia,"Ross, Oconnor and Adkins",Single
493,Sellersmouth,Bouvet Island (Bouvetoya),"Gregory, Mitchell and Owens",Business
494,Jacobfurt,Martinique,"Harrell, Mason and Jones",Honeymoon
495,Mckinneystad,Belgium,"Nelson, York and Ashley",Honeymoon
496,Kaylatown,Dominica,"Gonzales, Arellano and Perez",Friends
497,Lake Kaitlynshire,Somalia,Hansen-Watson,Friends
498,Hillchester,Niger,"Wright, Carrillo and Fisher",Single
499,Daviston,Belarus,Mcdonald-Moore,Friends
500,East Jeffreybury,Gabon,Nguyen-Rivera,Business
